{
  "Total" : {
    "transaction" : "Total",
    "sampleCount" : 100,
    "errorCount" : 0,
    "errorPct" : 0.0,
    "meanResTime" : 75.54999999999997,
    "medianResTime" : 71.0,
    "minResTime" : 54.0,
    "maxResTime" : 206.0,
    "pct1ResTime" : 87.9,
    "pct2ResTime" : 101.74999999999994,
    "pct3ResTime" : 206.0,
    "throughput" : 10.458063166701528,
    "receivedKBytesPerSec" : 7.557584710311651,
    "sentKBytesPerSec" : 1.3583226573938507
  },
  "HTTP Request" : {
    "transaction" : "HTTP Request",
    "sampleCount" : 100,
    "errorCount" : 0,
    "errorPct" : 0.0,
    "meanResTime" : 75.54999999999997,
    "medianResTime" : 71.0,
    "minResTime" : 54.0,
    "maxResTime" : 206.0,
    "pct1ResTime" : 87.9,
    "pct2ResTime" : 101.74999999999994,
    "pct3ResTime" : 206.0,
    "throughput" : 10.458063166701528,
    "receivedKBytesPerSec" : 7.557584710311651,
    "sentKBytesPerSec" : 1.3583226573938507
  }
}