{
  "Total" : {
    "transaction" : "Total",
    "sampleCount" : 500,
    "errorCount" : 0,
    "errorPct" : 0.0,
    "meanResTime" : 235.4339999999999,
    "medianResTime" : 199.5,
    "minResTime" : 64.0,
    "maxResTime" : 711.0,
    "pct1ResTime" : 458.90000000000003,
    "pct2ResTime" : 521.0,
    "pct3ResTime" : 638.96,
    "throughput" : 53.6135535063264,
    "receivedKBytesPerSec" : 38.74416952605618,
    "sentKBytesPerSec" : 6.806408159982843
  },
  "HTTP Request" : {
    "transaction" : "HTTP Request",
    "sampleCount" : 500,
    "errorCount" : 0,
    "errorPct" : 0.0,
    "meanResTime" : 235.4339999999999,
    "medianResTime" : 199.5,
    "minResTime" : 64.0,
    "maxResTime" : 711.0,
    "pct1ResTime" : 458.90000000000003,
    "pct2ResTime" : 521.0,
    "pct3ResTime" : 638.96,
    "throughput" : 53.6135535063264,
    "receivedKBytesPerSec" : 38.74416952605618,
    "sentKBytesPerSec" : 6.806408159982843
  }
}