{
  "Total" : {
    "transaction" : "Total",
    "sampleCount" : 100,
    "errorCount" : 0,
    "errorPct" : 0.0,
    "meanResTime" : 67.74,
    "medianResTime" : 65.0,
    "minResTime" : 49.0,
    "maxResTime" : 139.0,
    "pct1ResTime" : 81.0,
    "pct2ResTime" : 87.89999999999998,
    "pct3ResTime" : 139.0,
    "throughput" : 10.354110581901015,
    "receivedKBytesPerSec" : 7.482462725201906,
    "sentKBytesPerSec" : 1.3144866949679024
  },
  "HTTP Request" : {
    "transaction" : "HTTP Request",
    "sampleCount" : 100,
    "errorCount" : 0,
    "errorPct" : 0.0,
    "meanResTime" : 67.74,
    "medianResTime" : 65.0,
    "minResTime" : 49.0,
    "maxResTime" : 139.0,
    "pct1ResTime" : 81.0,
    "pct2ResTime" : 87.89999999999998,
    "pct3ResTime" : 139.0,
    "throughput" : 10.354110581901015,
    "receivedKBytesPerSec" : 7.482462725201906,
    "sentKBytesPerSec" : 1.3144866949679024
  }
}