{
  "Total" : {
    "transaction" : "Total",
    "sampleCount" : 100,
    "errorCount" : 0,
    "errorPct" : 0.0,
    "meanResTime" : 68.42,
    "medianResTime" : 65.0,
    "minResTime" : 48.0,
    "maxResTime" : 170.0,
    "pct1ResTime" : 75.0,
    "pct2ResTime" : 89.84999999999997,
    "pct3ResTime" : 170.0,
    "throughput" : 10.326311441553077,
    "receivedKBytesPerSec" : 7.462373502684842,
    "sentKBytesPerSec" : 1.310957507228418
  },
  "HTTP Request" : {
    "transaction" : "HTTP Request",
    "sampleCount" : 100,
    "errorCount" : 0,
    "errorPct" : 0.0,
    "meanResTime" : 68.42,
    "medianResTime" : 65.0,
    "minResTime" : 48.0,
    "maxResTime" : 170.0,
    "pct1ResTime" : 75.0,
    "pct2ResTime" : 89.84999999999997,
    "pct3ResTime" : 170.0,
    "throughput" : 10.326311441553077,
    "receivedKBytesPerSec" : 7.462373502684842,
    "sentKBytesPerSec" : 1.310957507228418
  }
}