{
  "Total" : {
    "transaction" : "Total",
    "sampleCount" : 500,
    "errorCount" : 0,
    "errorPct" : 0.0,
    "meanResTime" : 593.5760000000007,
    "medianResTime" : 671.5,
    "minResTime" : 47.0,
    "maxResTime" : 1166.0,
    "pct1ResTime" : 987.8000000000001,
    "pct2ResTime" : 1052.8,
    "pct3ResTime" : 1126.91,
    "throughput" : 54.57919441109049,
    "receivedKBytesPerSec" : 39.44199596113962,
    "sentKBytesPerSec" : 7.088899274096715
  },
  "HTTP Request" : {
    "transaction" : "HTTP Request",
    "sampleCount" : 500,
    "errorCount" : 0,
    "errorPct" : 0.0,
    "meanResTime" : 593.5760000000007,
    "medianResTime" : 671.5,
    "minResTime" : 47.0,
    "maxResTime" : 1166.0,
    "pct1ResTime" : 987.8000000000001,
    "pct2ResTime" : 1052.8,
    "pct3ResTime" : 1126.91,
    "throughput" : 54.57919441109049,
    "receivedKBytesPerSec" : 39.44199596113962,
    "sentKBytesPerSec" : 7.088899274096715
  }
}