{
  "Total" : {
    "transaction" : "Total",
    "sampleCount" : 200,
    "errorCount" : 0,
    "errorPct" : 0.0,
    "meanResTime" : 64.53999999999996,
    "medianResTime" : 61.0,
    "minResTime" : 47.0,
    "maxResTime" : 191.0,
    "pct1ResTime" : 71.0,
    "pct2ResTime" : 76.89999999999998,
    "pct3ResTime" : 190.92000000000007,
    "throughput" : 20.842017507294706,
    "receivedKBytesPerSec" : 15.06161421425594,
    "sentKBytesPerSec" : 2.6459592538557732
  },
  "HTTP Request" : {
    "transaction" : "HTTP Request",
    "sampleCount" : 200,
    "errorCount" : 0,
    "errorPct" : 0.0,
    "meanResTime" : 64.53999999999996,
    "medianResTime" : 61.0,
    "minResTime" : 47.0,
    "maxResTime" : 191.0,
    "pct1ResTime" : 71.0,
    "pct2ResTime" : 76.89999999999998,
    "pct3ResTime" : 190.92000000000007,
    "throughput" : 20.842017507294706,
    "receivedKBytesPerSec" : 15.06161421425594,
    "sentKBytesPerSec" : 2.6459592538557732
  }
}