{
  "Total" : {
    "transaction" : "Total",
    "sampleCount" : 300,
    "errorCount" : 0,
    "errorPct" : 0.0,
    "meanResTime" : 69.77666666666664,
    "medianResTime" : 57.0,
    "minResTime" : 46.0,
    "maxResTime" : 321.0,
    "pct1ResTime" : 86.90000000000003,
    "pct2ResTime" : 153.29999999999984,
    "pct3ResTime" : 317.99,
    "throughput" : 33.0724286186749,
    "receivedKBytesPerSec" : 23.899997243964282,
    "sentKBytesPerSec" : 4.198648164480212
  },
  "HTTP Request" : {
    "transaction" : "HTTP Request",
    "sampleCount" : 300,
    "errorCount" : 0,
    "errorPct" : 0.0,
    "meanResTime" : 69.77666666666664,
    "medianResTime" : 57.0,
    "minResTime" : 46.0,
    "maxResTime" : 321.0,
    "pct1ResTime" : 86.90000000000003,
    "pct2ResTime" : 153.29999999999984,
    "pct3ResTime" : 317.99,
    "throughput" : 33.0724286186749,
    "receivedKBytesPerSec" : 23.899997243964282,
    "sentKBytesPerSec" : 4.198648164480212
  }
}