{
  "Total" : {
    "transaction" : "Total",
    "sampleCount" : 400,
    "errorCount" : 0,
    "errorPct" : 0.0,
    "meanResTime" : 97.8724999999999,
    "medianResTime" : 62.0,
    "minResTime" : 47.0,
    "maxResTime" : 576.0,
    "pct1ResTime" : 181.1000000000003,
    "pct2ResTime" : 377.95,
    "pct3ResTime" : 563.7500000000002,
    "throughput" : 43.63001745200698,
    "receivedKBytesPerSec" : 31.52950479930192,
    "sentKBytesPerSec" : 5.666789376090751
  },
  "HTTP Request" : {
    "transaction" : "HTTP Request",
    "sampleCount" : 400,
    "errorCount" : 0,
    "errorPct" : 0.0,
    "meanResTime" : 97.8724999999999,
    "medianResTime" : 62.0,
    "minResTime" : 47.0,
    "maxResTime" : 576.0,
    "pct1ResTime" : 181.1000000000003,
    "pct2ResTime" : 377.95,
    "pct3ResTime" : 563.7500000000002,
    "throughput" : 43.63001745200698,
    "receivedKBytesPerSec" : 31.52950479930192,
    "sentKBytesPerSec" : 5.666789376090751
  }
}