{
  "Total" : {
    "transaction" : "Total",
    "sampleCount" : 500,
    "errorCount" : 0,
    "errorPct" : 0.0,
    "meanResTime" : 625.9580000000004,
    "medianResTime" : 729.0,
    "minResTime" : 49.0,
    "maxResTime" : 1455.0,
    "pct1ResTime" : 1151.9,
    "pct2ResTime" : 1276.55,
    "pct3ResTime" : 1409.0,
    "throughput" : 55.01760563380282,
    "receivedKBytesPerSec" : 39.75881657130282,
    "sentKBytesPerSec" : 6.984656965228874
  },
  "HTTP Request" : {
    "transaction" : "HTTP Request",
    "sampleCount" : 500,
    "errorCount" : 0,
    "errorPct" : 0.0,
    "meanResTime" : 625.9580000000004,
    "medianResTime" : 729.0,
    "minResTime" : 49.0,
    "maxResTime" : 1455.0,
    "pct1ResTime" : 1151.9,
    "pct2ResTime" : 1276.55,
    "pct3ResTime" : 1409.0,
    "throughput" : 55.01760563380282,
    "receivedKBytesPerSec" : 39.75881657130282,
    "sentKBytesPerSec" : 6.984656965228874
  }
}