{
  "Total" : {
    "transaction" : "Total",
    "sampleCount" : 400,
    "errorCount" : 0,
    "errorPct" : 0.0,
    "meanResTime" : 221.26499999999993,
    "medianResTime" : 83.0,
    "minResTime" : 51.0,
    "maxResTime" : 848.0,
    "pct1ResTime" : 649.8000000000001,
    "pct2ResTime" : 693.9,
    "pct3ResTime" : 741.9200000000001,
    "throughput" : 42.762454564892025,
    "receivedKBytesPerSec" : 30.902555056660255,
    "sentKBytesPerSec" : 5.428827239683558
  },
  "HTTP Request" : {
    "transaction" : "HTTP Request",
    "sampleCount" : 400,
    "errorCount" : 0,
    "errorPct" : 0.0,
    "meanResTime" : 221.26499999999993,
    "medianResTime" : 83.0,
    "minResTime" : 51.0,
    "maxResTime" : 848.0,
    "pct1ResTime" : 649.8000000000001,
    "pct2ResTime" : 693.9,
    "pct3ResTime" : 741.9200000000001,
    "throughput" : 42.762454564892025,
    "receivedKBytesPerSec" : 30.902555056660255,
    "sentKBytesPerSec" : 5.428827239683558
  }
}